scenario,tree,n,metric,runs,median_seconds,min_seconds,max_seconds
ascending_ascending,AVL,1000,delete_seconds,3,3.86e-05,3.5e-05,3.99e-05
ascending_ascending,AVL,1000,insert_seconds,3,6.79e-05,6.77e-05,6.95e-05
ascending_ascending,AVL,1000,total_seconds,3,0.0001065,0.0001027,0.0001094
ascending_ascending,AVL,3000,delete_seconds,3,0.0001128,0.000105,0.0001239
ascending_ascending,AVL,3000,insert_seconds,3,0.0002037,0.0002034,0.0002058
ascending_ascending,AVL,3000,total_seconds,3,0.0003162,0.0003087,0.0003297
ascending_ascending,AVL,10000,delete_seconds,3,0.0004002,0.0003876,0.0004067
ascending_ascending,AVL,10000,insert_seconds,3,0.0007299,0.000686,0.000733
ascending_ascending,AVL,10000,total_seconds,3,0.0011301,0.0010736,0.0011397
ascending_ascending,AVL,30000,delete_seconds,3,0.0012989,0.0012243,0.0013232
ascending_ascending,AVL,30000,insert_seconds,3,0.0022444,0.0022386,0.0022954
ascending_ascending,AVL,30000,total_seconds,3,0.0035618,0.0034687,0.0035943
ascending_ascending,AVL,100000,delete_seconds,3,0.0052661,0.0042961,0.0053095
ascending_ascending,AVL,100000,insert_seconds,3,0.0079407,0.0077889,0.0081489
ascending_ascending,AVL,100000,total_seconds,3,0.0130984,0.0122368,0.013415
ascending_ascending,BPlus,1000,delete_seconds,3,5.52e-05,5.37e-05,0.0002218
ascending_ascending,BPlus,1000,insert_seconds,3,7.2e-05,7.02e-05,7.81e-05
ascending_ascending,BPlus,1000,total_seconds,3,0.0001257,0.0001254,0.0002999
ascending_ascending,BPlus,3000,delete_seconds,3,0.000157,0.000157,0.0002012
ascending_ascending,BPlus,3000,insert_seconds,3,0.0002409,0.0002355,0.0002441
ascending_ascending,BPlus,3000,total_seconds,3,0.0003979,0.0003925,0.0004453
ascending_ascending,BPlus,10000,delete_seconds,3,0.0005049,0.0004898,0.0005109
ascending_ascending,BPlus,10000,insert_seconds,3,0.0008809,0.000856,0.0010164
ascending_ascending,BPlus,10000,total_seconds,3,0.0013918,0.0013458,0.0015213
ascending_ascending,BPlus,30000,delete_seconds,3,0.0015733,0.0015205,0.0017202
ascending_ascending,BPlus,30000,insert_seconds,3,0.0026059,0.002588,0.0027029
ascending_ascending,BPlus,30000,total_seconds,3,0.0041613,0.0041264,0.0044231
ascending_ascending,BPlus,100000,delete_seconds,3,0.0062169,0.006024,0.0066685
ascending_ascending,BPlus,100000,insert_seconds,3,0.0098914,0.0093973,0.010089
ascending_ascending,BPlus,100000,total_seconds,3,0.0163059,0.0154213,0.0165599
ascending_ascending,BST,1000,delete_seconds,3,2.33e-05,2.29e-05,0.0001671
ascending_ascending,BST,1000,insert_seconds,3,0.0014795,0.0014343,0.0015068
ascending_ascending,BST,1000,total_seconds,3,0.0015297,0.0014576,0.0016466
ascending_ascending,BST,3000,delete_seconds,3,7.2e-05,6.12e-05,8.1e-05
ascending_ascending,BST,3000,insert_seconds,3,0.0139137,0.0138875,0.0141556
ascending_ascending,BST,3000,total_seconds,3,0.0139749,0.0139685,0.0142276
ascending_ascending,BST,10000,delete_seconds,3,0.0002152,0.0002115,0.000217
ascending_ascending,BST,10000,insert_seconds,3,0.1554079,0.1528082,0.1565749
ascending_ascending,BST,10000,total_seconds,3,0.1556231,0.1530252,0.1567864
ascending_ascending,BST,30000,delete_seconds,3,0.001392,0.0012912,0.0013959
ascending_ascending,BST,30000,insert_seconds,3,1.5875884,1.5868689,1.618163
ascending_ascending,BST,30000,total_seconds,3,1.5888796,1.5882609,1.6195589
ascending_ascending,BST,100000,delete_seconds,3,0.0042318,0.00418,0.0044114
ascending_ascending,BST,100000,insert_seconds,3,20.7845239,20.5777246,20.7904081
ascending_ascending,BST,100000,total_seconds,3,20.7887557,20.5819046,20.7948195
ascending_ascending,RedBlack,1000,delete_seconds,3,3.48e-05,3.42e-05,3.54e-05
ascending_ascending,RedBlack,1000,insert_seconds,3,7.36e-05,6.91e-05,7.62e-05
ascending_ascending,RedBlack,1000,total_seconds,3,0.000109,0.0001033,0.000111
ascending_ascending,RedBlack,3000,delete_seconds,3,9.9e-05,9.45e-05,0.0001045
ascending_ascending,RedBlack,3000,insert_seconds,3,0.0002271,0.0002255,0.0002296
ascending_ascending,RedBlack,3000,total_seconds,3,0.0003286,0.0003216,0.00033
ascending_ascending,RedBlack,10000,delete_seconds,3,0.000329,0.0003266,0.0003434
ascending_ascending,RedBlack,10000,insert_seconds,3,0.0008533,0.0008486,0.0010176
ascending_ascending,RedBlack,10000,total_seconds,3,0.0011799,0.0011776,0.001361
ascending_ascending,RedBlack,30000,delete_seconds,3,0.001051,0.0010164,0.0011468
ascending_ascending,RedBlack,30000,insert_seconds,3,0.0027214,0.0027178,0.0027716
ascending_ascending,RedBlack,30000,total_seconds,3,0.0037724,0.0037342,0.0039184
ascending_ascending,RedBlack,100000,delete_seconds,3,0.0035502,0.0034405,0.0038585
ascending_ascending,RedBlack,100000,insert_seconds,3,0.0101817,0.0100615,0.0107493
ascending_ascending,RedBlack,100000,total_seconds,3,0.0140402,0.013502,0.0142995
ascending_ascending,Splay,1000,delete_seconds,3,4e-05,3.89e-05,4.95e-05
ascending_ascending,Splay,1000,insert_seconds,3,4.44e-05,4.41e-05,4.72e-05
ascending_ascending,Splay,1000,total_seconds,3,8.41e-05,8.33e-05,9.67e-05
ascending_ascending,Splay,3000,delete_seconds,3,0.0001139,0.0001131,0.0001255
ascending_ascending,Splay,3000,insert_seconds,3,0.0001548,0.0001246,0.0001669
ascending_ascending,Splay,3000,total_seconds,3,0.0002803,0.0002377,0.0002808
ascending_ascending,Splay,10000,delete_seconds,3,0.0003964,0.0003847,0.0004729
ascending_ascending,Splay,10000,insert_seconds,3,0.0004551,0.0004462,0.0004608
ascending_ascending,Splay,10000,total_seconds,3,0.0008426,0.0008398,0.0009337
ascending_ascending,Splay,30000,delete_seconds,3,0.0014346,0.0012644,0.001436
ascending_ascending,Splay,30000,insert_seconds,3,0.0013337,0.001299,0.0013433
ascending_ascending,Splay,30000,total_seconds,3,0.0027336,0.0025981,0.0027793
ascending_ascending,Splay,100000,delete_seconds,3,0.0056647,0.0044245,0.0059765
ascending_ascending,Splay,100000,insert_seconds,3,0.0044329,0.0043864,0.0046041
ascending_ascending,Splay,100000,total_seconds,3,0.0100511,0.0090286,0.0104094
ascending_descending,AVL,1000,delete_seconds,3,3.43e-05,3.4e-05,5.41e-05
ascending_descending,AVL,1000,insert_seconds,3,6.56e-05,6.32e-05,7.73e-05
ascending_descending,AVL,1000,total_seconds,3,9.99e-05,9.72e-05,0.0001314
ascending_descending,AVL,3000,delete_seconds,3,0.0001144,0.0001139,0.0001173
ascending_descending,AVL,3000,insert_seconds,3,0.0002068,0.0002004,0.0002645
ascending_descending,AVL,3000,total_seconds,3,0.0003207,0.0003148,0.0003818
ascending_descending,AVL,10000,delete_seconds,3,0.0003983,0.0003857,0.0004148
ascending_descending,AVL,10000,insert_seconds,3,0.0007282,0.0007205,0.0007288
ascending_descending,AVL,10000,total_seconds,3,0.0011265,0.0011145,0.0011353
ascending_descending,AVL,30000,delete_seconds,3,0.0013116,0.0013047,0.0015517
ascending_descending,AVL,30000,insert_seconds,3,0.0023753,0.0023576,0.0024751
ascending_descending,AVL,30000,total_seconds,3,0.0036869,0.0036623,0.0040268
ascending_descending,AVL,100000,delete_seconds,3,0.0052093,0.0043694,0.0063297
ascending_descending,AVL,100000,insert_seconds,3,0.0081571,0.0078634,0.0085846
ascending_descending,AVL,100000,total_seconds,3,0.0130727,0.0125265,0.0149143
ascending_descending,BPlus,1000,delete_seconds,3,4.81e-05,4.69e-05,6.62e-05
ascending_descending,BPlus,1000,insert_seconds,3,6.83e-05,6.74e-05,6.97e-05
ascending_descending,BPlus,1000,total_seconds,3,0.0001164,0.0001143,0.0001359
ascending_descending,BPlus,3000,delete_seconds,3,0.000144,0.0001398,0.0001549
ascending_descending,BPlus,3000,insert_seconds,3,0.0002325,0.0002315,0.0002703
ascending_descending,BPlus,3000,total_seconds,3,0.0003765,0.0003713,0.0004252
ascending_descending,BPlus,10000,delete_seconds,3,0.000482,0.0004809,0.0005112
ascending_descending,BPlus,10000,insert_seconds,3,0.0008474,0.0008373,0.0008603
ascending_descending,BPlus,10000,total_seconds,3,0.0013423,0.0013182,0.0013586
ascending_descending,BPlus,30000,delete_seconds,3,0.0015299,0.0014678,0.0019996
ascending_descending,BPlus,30000,insert_seconds,3,0.0028261,0.0025822,0.0030206
ascending_descending,BPlus,30000,total_seconds,3,0.0044884,0.0041121,0.0048257
ascending_descending,BPlus,100000,delete_seconds,3,0.0052703,0.0049979,0.0058448
ascending_descending,BPlus,100000,insert_seconds,3,0.0092624,0.0092398,0.009756
ascending_descending,BPlus,100000,total_seconds,3,0.0150263,0.0142377,0.0151072
ascending_descending,BST,1000,delete_seconds,3,0.0015945,0.0015533,0.001903
ascending_descending,BST,1000,insert_seconds,3,0.0014763,0.0014442,0.0016512
ascending_descending,BST,1000,total_seconds,3,0.0030708,0.0029975,0.0035542
ascending_descending,BST,3000,delete_seconds,3,0.0138375,0.013712,0.0139938
ascending_descending,BST,3000,insert_seconds,3,0.0140631,0.0138785,0.0143024
ascending_descending,BST,3000,total_seconds,3,0.0279006,0.0275905,0.0282962
ascending_descending,BST,10000,delete_seconds,3,0.1510953,0.1504496,0.1532036
ascending_descending,BST,10000,insert_seconds,3,0.1515062,0.1513949,0.1528849
ascending_descending,BST,10000,total_seconds,3,0.3024902,0.3019558,0.3060885
ascending_descending,BST,30000,delete_seconds,3,1.5948956,1.5763949,1.6057103
ascending_descending,BST,30000,insert_seconds,3,1.5901772,1.5839796,1.6292969
ascending_descending,BST,30000,total_seconds,3,3.1850728,3.1603745,3.2350072
ascending_descending,BST,100000,delete_seconds,3,21.0504639,20.411137,21.0728243
ascending_descending,BST,100000,insert_seconds,3,20.9595715,20.4072089,21.0917633
ascending_descending,BST,100000,total_seconds,3,42.0323958,40.8183459,42.1422272
ascending_descending,RedBlack,1000,delete_seconds,3,2.98e-05,2.83e-05,3.01e-05
ascending_descending,RedBlack,1000,insert_seconds,3,6.49e-05,6.41e-05,6.99e-05
ascending_descending,RedBlack,1000,total_seconds,3,9.5e-05,9.39e-05,9.82e-05
ascending_descending,RedBlack,3000,delete_seconds,3,9.95e-05,9.51e-05,9.96e-05
ascending_descending,RedBlack,3000,insert_seconds,3,0.0002254,0.000223,0.0002337
ascending_descending,RedBlack,3000,total_seconds,3,0.000325,0.0003181,0.0003332
ascending_descending,RedBlack,10000,delete_seconds,3,0.0003389,0.0003308,0.0003495
ascending_descending,RedBlack,10000,insert_seconds,3,0.0008451,0.0008362,0.0008902
ascending_descending,RedBlack,10000,total_seconds,3,0.0011759,0.0011751,0.0012397
ascending_descending,RedBlack,30000,delete_seconds,3,0.0011294,0.0011047,0.0011535
ascending_descending,RedBlack,30000,insert_seconds,3,0.0028355,0.0027618,0.0028879
ascending_descending,RedBlack,30000,total_seconds,3,0.003989,0.0038912,0.0039926
ascending_descending,RedBlack,100000,delete_seconds,3,0.004246,0.0038009,0.0042638
ascending_descending,RedBlack,100000,insert_seconds,3,0.0100623,0.0098673,0.0102526
ascending_descending,RedBlack,100000,total_seconds,3,0.0141311,0.0140535,0.0143083
ascending_descending,Splay,1000,delete_seconds,3,2.17e-05,2.09e-05,2.42e-05
ascending_descending,Splay,1000,insert_seconds,3,4.41e-05,3.91e-05,5.47e-05
ascending_descending,Splay,1000,total_seconds,3,6.5e-05,6.08e-05,7.89e-05
ascending_descending,Splay,3000,delete_seconds,3,5.91e-05,5.75e-05,6.04e-05
ascending_descending,Splay,3000,insert_seconds,3,0.0001237,0.0001236,0.000127
ascending_descending,Splay,3000,total_seconds,3,0.000184,0.0001828,0.0001845
ascending_descending,Splay,10000,delete_seconds,3,0.0001991,0.0001949,0.0002068
ascending_descending,Splay,10000,insert_seconds,3,0.0004354,0.0004329,0.0004591
ascending_descending,Splay,10000,total_seconds,3,0.0006345,0.0006278,0.0006659
ascending_descending,Splay,30000,delete_seconds,3,0.0008208,0.0006119,0.0008305
ascending_descending,Splay,30000,insert_seconds,3,0.0014589,0.0013284,0.0014606
ascending_descending,Splay,30000,total_seconds,3,0.0021589,0.0020708,0.0022814
ascending_descending,Splay,100000,delete_seconds,3,0.0025308,0.0023926,0.0031237
ascending_descending,Splay,100000,insert_seconds,3,0.0044894,0.0041349,0.0045237
ascending_descending,Splay,100000,total_seconds,3,0.0069163,0.0066657,0.0076131
random_random,AVL,1000,delete_seconds,3,7.57e-05,7.41e-05,7.69e-05
random_random,AVL,1000,insert_seconds,3,9.96e-05,9.45e-05,0.0002593
random_random,AVL,1000,total_seconds,3,0.0001737,0.0001702,0.0003362
random_random,AVL,3000,delete_seconds,3,0.000258,0.0002538,0.0002631
random_random,AVL,3000,insert_seconds,3,0.0003311,0.00033,0.0003377
random_random,AVL,3000,total_seconds,3,0.0005931,0.0005849,0.0005957
random_random,AVL,10000,delete_seconds,3,0.0010569,0.0010535,0.0010738
random_random,AVL,10000,insert_seconds,3,0.0012913,0.0012759,0.0013203
random_random,AVL,10000,total_seconds,3,0.0023651,0.0023328,0.0023738
random_random,AVL,30000,delete_seconds,3,0.0041718,0.0040584,0.0042472
random_random,AVL,30000,insert_seconds,3,0.004967,0.0048401,0.0050147
random_random,AVL,30000,total_seconds,3,0.0091865,0.0088985,0.0092142
random_random,AVL,100000,delete_seconds,3,0.0197257,0.0181785,0.0197738
random_random,AVL,100000,insert_seconds,3,0.0226532,0.0215881,0.023238
random_random,AVL,100000,total_seconds,3,0.0414165,0.0413619,0.0423789
random_random,BPlus,1000,delete_seconds,3,9.33e-05,9.21e-05,9.76e-05
random_random,BPlus,1000,insert_seconds,3,0.0001014,9.83e-05,0.0001014
random_random,BPlus,1000,total_seconds,3,0.0001935,0.0001916,0.000199
random_random,BPlus,3000,delete_seconds,3,0.0003194,0.0003097,0.0003421
random_random,BPlus,3000,insert_seconds,3,0.0003424,0.0003394,0.0006503
random_random,BPlus,3000,total_seconds,3,0.0006845,0.0006491,0.0009697
random_random,BPlus,10000,delete_seconds,3,0.0012158,0.0012001,0.00122
random_random,BPlus,10000,insert_seconds,3,0.0013586,0.0013503,0.0015427
random_random,BPlus,10000,total_seconds,3,0.0025786,0.0025504,0.0027585
random_random,BPlus,30000,delete_seconds,3,0.0043419,0.0042357,0.0043998
random_random,BPlus,30000,insert_seconds,3,0.0046835,0.00459,0.0052586
random_random,BPlus,30000,total_seconds,3,0.0090254,0.0089898,0.0094943
random_random,BPlus,100000,delete_seconds,3,0.0184066,0.0179116,0.0188598
random_random,BPlus,100000,insert_seconds,3,0.0194545,0.0182375,0.0215363
random_random,BPlus,100000,total_seconds,3,0.0378611,0.0361491,0.0403961
random_random,BST,1000,delete_seconds,3,5.71e-05,5.48e-05,6.34e-05
random_random,BST,1000,insert_seconds,3,7.8e-05,6.52e-05,7.82e-05
random_random,BST,1000,total_seconds,3,0.0001353,0.00012,0.0001414
random_random,BST,3000,delete_seconds,3,0.0001972,0.0001882,0.0002121
random_random,BST,3000,insert_seconds,3,0.0002545,0.0002501,0.000324
random_random,BST,3000,total_seconds,3,0.0004517,0.0004383,0.0005361
random_random,BST,10000,delete_seconds,3,0.0008035,0.0007941,0.0008154
random_random,BST,10000,insert_seconds,3,0.0010457,0.0010078,0.0010684
random_random,BST,10000,total_seconds,3,0.0018611,0.0018019,0.0018719
random_random,BST,30000,delete_seconds,3,0.0031463,0.0029528,0.0031831
random_random,BST,30000,insert_seconds,3,0.0037217,0.0036722,0.0038048
random_random,BST,30000,total_seconds,3,0.006868,0.006625,0.0069879
random_random,BST,100000,delete_seconds,3,0.0143442,0.0142753,0.0160872
random_random,BST,100000,insert_seconds,3,0.0180273,0.0165873,0.0181869
random_random,BST,100000,total_seconds,3,0.0323715,0.0308626,0.0342741
random_random,RedBlack,1000,delete_seconds,3,5.09e-05,5.01e-05,5.37e-05
random_random,RedBlack,1000,insert_seconds,3,7.93e-05,7.72e-05,8.84e-05
random_random,RedBlack,1000,total_seconds,3,0.0001294,0.0001281,0.0001421
random_random,RedBlack,3000,delete_seconds,3,0.0002142,0.000172,0.0006092
random_random,RedBlack,3000,insert_seconds,3,0.0002635,0.0002568,0.0002773
random_random,RedBlack,3000,total_seconds,3,0.000471,0.0004355,0.0008865
random_random,RedBlack,10000,delete_seconds,3,0.0006905,0.0006739,0.0008008
random_random,RedBlack,10000,insert_seconds,3,0.0010049,0.0010019,0.0010109
random_random,RedBlack,10000,total_seconds,3,0.0017014,0.0016788,0.0018027
random_random,RedBlack,30000,delete_seconds,3,0.0026391,0.00257,0.0027108
random_random,RedBlack,30000,insert_seconds,3,0.0037127,0.0036455,0.0039447
random_random,RedBlack,30000,total_seconds,3,0.0064235,0.0062155,0.0065838
random_random,RedBlack,100000,delete_seconds,3,0.0123679,0.0123291,0.0131908
random_random,RedBlack,100000,insert_seconds,3,0.0174862,0.0155843,0.018076
random_random,RedBlack,100000,total_seconds,3,0.0298541,0.0287751,0.0304051
random_random,Splay,1000,delete_seconds,3,0.0001411,0.0001364,0.0001413
random_random,Splay,1000,insert_seconds,3,0.0001506,0.0001464,0.0001515
random_random,Splay,1000,total_seconds,3,0.0002879,0.0002877,0.0002917
random_random,Splay,3000,delete_seconds,3,0.0005179,0.0005142,0.0005187
random_random,Splay,3000,insert_seconds,3,0.0005196,0.0005106,0.0005332
random_random,Splay,3000,total_seconds,3,0.0010383,0.0010248,0.0010511
random_random,Splay,10000,delete_seconds,3,0.0021159,0.0021033,0.0021175
random_random,Splay,10000,insert_seconds,3,0.0021013,0.0020403,0.0021182
random_random,Splay,10000,total_seconds,3,0.0042188,0.0041436,0.0042341
random_random,Splay,30000,delete_seconds,3,0.0081599,0.008043,0.0082112
random_random,Splay,30000,insert_seconds,3,0.0074301,0.007381,0.0076795
random_random,Splay,30000,total_seconds,3,0.0155922,0.0154731,0.0158394
random_random,Splay,100000,delete_seconds,3,0.0353219,0.0343764,0.0362589
random_random,Splay,100000,insert_seconds,3,0.0335549,0.0306716,0.0338291
random_random,Splay,100000,total_seconds,3,0.0679313,0.0659935,0.070088
