tree,scenario,n,repeat,seed,insert_seconds,delete_seconds,total_seconds
BST,ascending_ascending,1000,1,2356001172,0.001434300,0.000023300,0.001457600
AVL,ascending_ascending,1000,1,2356001172,0.000069500,0.000039900,0.000109400
Splay,ascending_ascending,1000,1,2356001172,0.000047200,0.000049500,0.000096700
RedBlack,ascending_ascending,1000,1,2356001172,0.000073600,0.000035400,0.000109000
BPlus,ascending_ascending,1000,1,2356001172,0.000070200,0.000055200,0.000125400
AVL,ascending_ascending,1000,2,38921997,0.000067900,0.000038600,0.000106500
Splay,ascending_ascending,1000,2,38921997,0.000044100,0.000040000,0.000084100
RedBlack,ascending_ascending,1000,2,38921997,0.000076200,0.000034800,0.000111000
BPlus,ascending_ascending,1000,2,38921997,0.000078100,0.000221800,0.000299900
BST,ascending_ascending,1000,2,38921997,0.001506800,0.000022900,0.001529700
Splay,ascending_ascending,1000,3,2554670214,0.000044400,0.000038900,0.000083300
RedBlack,ascending_ascending,1000,3,2554670214,0.000069100,0.000034200,0.000103300
BPlus,ascending_ascending,1000,3,2554670214,0.000072000,0.000053700,0.000125700
BST,ascending_ascending,1000,3,2554670214,0.001479500,0.000167100,0.001646600
AVL,ascending_ascending,1000,3,2554670214,0.000067700,0.000035000,0.000102700
BST,ascending_descending,1000,1,2356001173,0.001651200,0.001903000,0.003554200
AVL,ascending_descending,1000,1,2356001173,0.000065600,0.000034300,0.000099900
Splay,ascending_descending,1000,1,2356001173,0.000039100,0.000021700,0.000060800
RedBlack,ascending_descending,1000,1,2356001173,0.000064900,0.000030100,0.000095000
BPlus,ascending_descending,1000,1,2356001173,0.000069700,0.000066200,0.000135900
AVL,ascending_descending,1000,2,38921996,0.000077300,0.000054100,0.000131400
Splay,ascending_descending,1000,2,38921996,0.000054700,0.000024200,0.000078900
RedBlack,ascending_descending,1000,2,38921996,0.000069900,0.000028300,0.000098200
BPlus,ascending_descending,1000,2,38921996,0.000067400,0.000046900,0.000114300
BST,ascending_descending,1000,2,38921996,0.001476300,0.001594500,0.003070800
Splay,ascending_descending,1000,3,2554670215,0.000044100,0.000020900,0.000065000
RedBlack,ascending_descending,1000,3,2554670215,0.000064100,0.000029800,0.000093900
BPlus,ascending_descending,1000,3,2554670215,0.000068300,0.000048100,0.000116400
BST,ascending_descending,1000,3,2554670215,0.001444200,0.001553300,0.002997500
AVL,ascending_descending,1000,3,2554670215,0.000063200,0.000034000,0.000097200
BST,random_random,1000,1,2356001174,0.000065200,0.000054800,0.000120000
AVL,random_random,1000,1,2356001174,0.000094500,0.000075700,0.000170200
Splay,random_random,1000,1,2356001174,0.000146400,0.000141300,0.000287700
RedBlack,random_random,1000,1,2356001174,0.000088400,0.000053700,0.000142100
BPlus,random_random,1000,1,2356001174,0.000101400,0.000097600,0.000199000
AVL,random_random,1000,2,38921999,0.000099600,0.000074100,0.000173700
Splay,random_random,1000,2,38921999,0.000150600,0.000141100,0.000291700
RedBlack,random_random,1000,2,38921999,0.000079300,0.000050100,0.000129400
BPlus,random_random,1000,2,38921999,0.000101400,0.000092100,0.000193500
BST,random_random,1000,2,38921999,0.000078000,0.000063400,0.000141400
Splay,random_random,1000,3,2554670212,0.000151500,0.000136400,0.000287900
RedBlack,random_random,1000,3,2554670212,0.000077200,0.000050900,0.000128100
BPlus,random_random,1000,3,2554670212,0.000098300,0.000093300,0.000191600
BST,random_random,1000,3,2554670212,0.000078200,0.000057100,0.000135300
AVL,random_random,1000,3,2554670212,0.000259300,0.000076900,0.000336200
BST,ascending_ascending,3000,1,2663706820,0.014155600,0.000072000,0.014227600
AVL,ascending_ascending,3000,1,2663706820,0.000203400,0.000112800,0.000316200
Splay,ascending_ascending,3000,1,2663706820,0.000154800,0.000125500,0.000280300
RedBlack,ascending_ascending,3000,1,2663706820,0.000227100,0.000094500,0.000321600
BPlus,ascending_ascending,3000,1,2663706820,0.000235500,0.000157000,0.000392500
AVL,ascending_ascending,3000,2,284733021,0.000203700,0.000105000,0.000308700
Splay,ascending_ascending,3000,2,284733021,0.000124600,0.000113100,0.000237700
RedBlack,ascending_ascending,3000,2,284733021,0.000225500,0.000104500,0.000330000
BPlus,ascending_ascending,3000,2,284733021,0.000240900,0.000157000,0.000397900
BST,ascending_ascending,3000,2,284733021,0.013887500,0.000081000,0.013968500
Splay,ascending_ascending,3000,3,2330748374,0.000166900,0.000113900,0.000280800
RedBlack,ascending_ascending,3000,3,2330748374,0.000229600,0.000099000,0.000328600
BPlus,ascending_ascending,3000,3,2330748374,0.000244100,0.000201200,0.000445300
BST,ascending_ascending,3000,3,2330748374,0.013913700,0.000061200,0.013974900
AVL,ascending_ascending,3000,3,2330748374,0.000205800,0.000123900,0.000329700
BST,ascending_descending,3000,1,2663706821,0.013878500,0.013712000,0.027590500
AVL,ascending_descending,3000,1,2663706821,0.000206800,0.000113900,0.000320700
Splay,ascending_descending,3000,1,2663706821,0.000123600,0.000060400,0.000184000
RedBlack,ascending_descending,3000,1,2663706821,0.000225400,0.000099600,0.000325000
BPlus,ascending_descending,3000,1,2663706821,0.000232500,0.000144000,0.000376500
AVL,ascending_descending,3000,2,284733020,0.000264500,0.000117300,0.000381800
Splay,ascending_descending,3000,2,284733020,0.000123700,0.000059100,0.000182800
RedBlack,ascending_descending,3000,2,284733020,0.000233700,0.000099500,0.000333200
BPlus,ascending_descending,3000,2,284733020,0.000270300,0.000154900,0.000425200
BST,ascending_descending,3000,2,284733020,0.014302400,0.013993800,0.028296200
Splay,ascending_descending,3000,3,2330748375,0.000127000,0.000057500,0.000184500
RedBlack,ascending_descending,3000,3,2330748375,0.000223000,0.000095100,0.000318100
BPlus,ascending_descending,3000,3,2330748375,0.000231500,0.000139800,0.000371300
BST,ascending_descending,3000,3,2330748375,0.014063100,0.013837500,0.027900600
AVL,ascending_descending,3000,3,2330748375,0.000200400,0.000114400,0.000314800
BST,random_random,3000,1,2663706822,0.000250100,0.000188200,0.000438300
AVL,random_random,3000,1,2663706822,0.000330000,0.000263100,0.000593100
Splay,random_random,3000,1,2663706822,0.000519600,0.000518700,0.001038300
RedBlack,random_random,3000,1,2663706822,0.000256800,0.000214200,0.000471000
BPlus,random_random,3000,1,2663706822,0.000339400,0.000309700,0.000649100
AVL,random_random,3000,2,284733023,0.000331100,0.000253800,0.000584900
Splay,random_random,3000,2,284733023,0.000510600,0.000514200,0.001024800
RedBlack,random_random,3000,2,284733023,0.000263500,0.000172000,0.000435500
BPlus,random_random,3000,2,284733023,0.000342400,0.000342100,0.000684500
BST,random_random,3000,2,284733023,0.000254500,0.000197200,0.000451700
Splay,random_random,3000,3,2330748372,0.000533200,0.000517900,0.001051100
RedBlack,random_random,3000,3,2330748372,0.000277300,0.000609200,0.000886500
BPlus,random_random,3000,3,2330748372,0.000650300,0.000319400,0.000969700
BST,random_random,3000,3,2330748372,0.000324000,0.000212100,0.000536100
AVL,random_random,3000,3,2330748372,0.000337700,0.000258000,0.000595700
BST,ascending_ascending,10000,1,3554636012,0.155407900,0.000215200,0.155623100
AVL,ascending_ascending,10000,1,3554636012,0.000733000,0.000406700,0.001139700
Splay,ascending_ascending,10000,1,3554636012,0.000455100,0.000384700,0.000839800
RedBlack,ascending_ascending,10000,1,3554636012,0.000848600,0.000329000,0.001177600
BPlus,ascending_ascending,10000,1,3554636012,0.000856000,0.000489800,0.001345800
AVL,ascending_ascending,10000,2,1575169653,0.000686000,0.000387600,0.001073600
Splay,ascending_ascending,10000,2,1575169653,0.000446200,0.000396400,0.000842600
RedBlack,ascending_ascending,10000,2,1575169653,0.000853300,0.000326600,0.001179900
BPlus,ascending_ascending,10000,2,1575169653,0.000880900,0.000510900,0.001391800
BST,ascending_ascending,10000,2,1575169653,0.152808200,0.000217000,0.153025200
Splay,ascending_ascending,10000,3,3354912254,0.000460800,0.000472900,0.000933700
RedBlack,ascending_ascending,10000,3,3354912254,0.001017600,0.000343400,0.001361000
BPlus,ascending_ascending,10000,3,3354912254,0.001016400,0.000504900,0.001521300
BST,ascending_ascending,10000,3,3354912254,0.156574900,0.000211500,0.156786400
AVL,ascending_ascending,10000,3,3354912254,0.000729900,0.000400200,0.001130100
BST,ascending_descending,10000,1,3554636013,0.152884900,0.153203600,0.306088500
AVL,ascending_descending,10000,1,3554636013,0.000728200,0.000398300,0.001126500
Splay,ascending_descending,10000,1,3554636013,0.000435400,0.000199100,0.000634500
RedBlack,ascending_descending,10000,1,3554636013,0.000836200,0.000338900,0.001175100
BPlus,ascending_descending,10000,1,3554636013,0.000847400,0.000511200,0.001358600
AVL,ascending_descending,10000,2,1575169652,0.000728800,0.000385700,0.001114500
Splay,ascending_descending,10000,2,1575169652,0.000432900,0.000194900,0.000627800
RedBlack,ascending_descending,10000,2,1575169652,0.000845100,0.000330800,0.001175900
BPlus,ascending_descending,10000,2,1575169652,0.000837300,0.000480900,0.001318200
BST,ascending_descending,10000,2,1575169652,0.151506200,0.150449600,0.301955800
Splay,ascending_descending,10000,3,3354912255,0.000459100,0.000206800,0.000665900
RedBlack,ascending_descending,10000,3,3354912255,0.000890200,0.000349500,0.001239700
BPlus,ascending_descending,10000,3,3354912255,0.000860300,0.000482000,0.001342300
BST,ascending_descending,10000,3,3354912255,0.151394900,0.151095300,0.302490200
AVL,ascending_descending,10000,3,3354912255,0.000720500,0.000414800,0.001135300
BST,random_random,10000,1,3554636014,0.001045700,0.000815400,0.001861100
AVL,random_random,10000,1,3554636014,0.001291300,0.001073800,0.002365100
Splay,random_random,10000,1,3554636014,0.002118200,0.002115900,0.004234100
RedBlack,random_random,10000,1,3554636014,0.001004900,0.000673900,0.001678800
BPlus,random_random,10000,1,3554636014,0.001350300,0.001200100,0.002550400
AVL,random_random,10000,2,1575169655,0.001275900,0.001056900,0.002332800
Splay,random_random,10000,2,1575169655,0.002040300,0.002103300,0.004143600
RedBlack,random_random,10000,2,1575169655,0.001001900,0.000800800,0.001802700
BPlus,random_random,10000,2,1575169655,0.001358600,0.001220000,0.002578600
BST,random_random,10000,2,1575169655,0.001007800,0.000794100,0.001801900
Splay,random_random,10000,3,3354912252,0.002101300,0.002117500,0.004218800
RedBlack,random_random,10000,3,3354912252,0.001010900,0.000690500,0.001701400
BPlus,random_random,10000,3,3354912252,0.001542700,0.001215800,0.002758500
BST,random_random,10000,3,3354912252,0.001068400,0.000803500,0.001871900
AVL,random_random,10000,3,3354912252,0.001320300,0.001053500,0.002373800
BST,ascending_ascending,30000,1,2178569420,1.586868900,0.001392000,1.588260900
AVL,ascending_ascending,30000,1,2178569420,0.002238600,0.001323200,0.003561800
Splay,ascending_ascending,30000,1,2178569420,0.001299000,0.001434600,0.002733600
RedBlack,ascending_ascending,30000,1,2178569420,0.002721400,0.001051000,0.003772400
BPlus,ascending_ascending,30000,1,2178569420,0.002588000,0.001573300,0.004161300
AVL,ascending_ascending,30000,2,266734165,0.002295400,0.001298900,0.003594300
Splay,ascending_ascending,30000,2,266734165,0.001343300,0.001436000,0.002779300
RedBlack,ascending_ascending,30000,2,266734165,0.002771600,0.001146800,0.003918400
BPlus,ascending_ascending,30000,2,266734165,0.002702900,0.001720200,0.004423100
BST,ascending_ascending,30000,2,266734165,1.587588400,0.001291200,1.588879600
Splay,ascending_ascending,30000,3,2515714526,0.001333700,0.001264400,0.002598100
RedBlack,ascending_ascending,30000,3,2515714526,0.002717800,0.001016400,0.003734200
BPlus,ascending_ascending,30000,3,2515714526,0.002605900,0.001520500,0.004126400
BST,ascending_ascending,30000,3,2515714526,1.618163000,0.001395900,1.619558900
AVL,ascending_ascending,30000,3,2515714526,0.002244400,0.001224300,0.003468700
BST,ascending_descending,30000,1,2178569421,1.590177200,1.594895600,3.185072800
AVL,ascending_descending,30000,1,2178569421,0.002357600,0.001304700,0.003662300
Splay,ascending_descending,30000,1,2178569421,0.001458900,0.000611900,0.002070800
RedBlack,ascending_descending,30000,1,2178569421,0.002887900,0.001104700,0.003992600
BPlus,ascending_descending,30000,1,2178569421,0.002826100,0.001999600,0.004825700
AVL,ascending_descending,30000,2,266734164,0.002475100,0.001551700,0.004026800
Splay,ascending_descending,30000,2,266734164,0.001460600,0.000820800,0.002281400
RedBlack,ascending_descending,30000,2,266734164,0.002835500,0.001153500,0.003989000
BPlus,ascending_descending,30000,2,266734164,0.003020600,0.001467800,0.004488400
BST,ascending_descending,30000,2,266734164,1.583979600,1.576394900,3.160374500
Splay,ascending_descending,30000,3,2515714527,0.001328400,0.000830500,0.002158900
RedBlack,ascending_descending,30000,3,2515714527,0.002761800,0.001129400,0.003891200
BPlus,ascending_descending,30000,3,2515714527,0.002582200,0.001529900,0.004112100
BST,ascending_descending,30000,3,2515714527,1.629296900,1.605710300,3.235007200
AVL,ascending_descending,30000,3,2515714527,0.002375300,0.001311600,0.003686900
BST,random_random,30000,1,2178569422,0.003721700,0.003146300,0.006868000
AVL,random_random,30000,1,2178569422,0.005014700,0.004171800,0.009186500
Splay,random_random,30000,1,2178569422,0.007679500,0.008159900,0.015839400
RedBlack,random_random,30000,1,2178569422,0.003645500,0.002570000,0.006215500
BPlus,random_random,30000,1,2178569422,0.004590000,0.004399800,0.008989800
AVL,random_random,30000,2,266734167,0.004840100,0.004058400,0.008898500
Splay,random_random,30000,2,266734167,0.007430100,0.008043000,0.015473100
RedBlack,random_random,30000,2,266734167,0.003712700,0.002710800,0.006423500
BPlus,random_random,30000,2,266734167,0.004683500,0.004341900,0.009025400
BST,random_random,30000,2,266734167,0.003672200,0.002952800,0.006625000
Splay,random_random,30000,3,2515714524,0.007381000,0.008211200,0.015592200
RedBlack,random_random,30000,3,2515714524,0.003944700,0.002639100,0.006583800
BPlus,random_random,30000,3,2515714524,0.005258600,0.004235700,0.009494300
BST,random_random,30000,3,2515714524,0.003804800,0.003183100,0.006987900
AVL,random_random,30000,3,2515714524,0.004967000,0.004247200,0.009214200
BST,ascending_ascending,100000,1,3805369948,20.577724600,0.004180000,20.581904600
AVL,ascending_ascending,100000,1,3805369948,0.007788900,0.005309500,0.013098400
Splay,ascending_ascending,100000,1,3805369948,0.004432900,0.005976500,0.010409400
RedBlack,ascending_ascending,100000,1,3805369948,0.010061500,0.003440500,0.013502000
BPlus,ascending_ascending,100000,1,3805369948,0.009891400,0.006668500,0.016559900
AVL,ascending_ascending,100000,2,1827473605,0.008148900,0.005266100,0.013415000
Splay,ascending_ascending,100000,2,1827473605,0.004604100,0.004424500,0.009028600
RedBlack,ascending_ascending,100000,2,1827473605,0.010749300,0.003550200,0.014299500
BPlus,ascending_ascending,100000,2,1827473605,0.009397300,0.006024000,0.015421300
BST,ascending_ascending,100000,2,1827473605,20.784523900,0.004231800,20.788755700
Splay,ascending_ascending,100000,3,4143563598,0.004386400,0.005664700,0.010051100
RedBlack,ascending_ascending,100000,3,4143563598,0.010181700,0.003858500,0.014040200
BPlus,ascending_ascending,100000,3,4143563598,0.010089000,0.006216900,0.016305900
BST,ascending_ascending,100000,3,4143563598,20.790408100,0.004411400,20.794819500
AVL,ascending_ascending,100000,3,4143563598,0.007940700,0.004296100,0.012236800
BST,ascending_descending,100000,1,3805369949,20.407208900,20.411137000,40.818345900
AVL,ascending_descending,100000,1,3805369949,0.007863400,0.005209300,0.013072700
Splay,ascending_descending,100000,1,3805369949,0.004523700,0.002392600,0.006916300
RedBlack,ascending_descending,100000,1,3805369949,0.010062300,0.004246000,0.014308300
BPlus,ascending_descending,100000,1,3805369949,0.009756000,0.005270300,0.015026300
AVL,ascending_descending,100000,2,1827473604,0.008157100,0.004369400,0.012526500
Splay,ascending_descending,100000,2,1827473604,0.004489400,0.003123700,0.007613100
RedBlack,ascending_descending,100000,2,1827473604,0.010252600,0.003800900,0.014053500
BPlus,ascending_descending,100000,2,1827473604,0.009262400,0.005844800,0.015107200
BST,ascending_descending,100000,2,1827473604,21.091763300,21.050463900,42.142227200
Splay,ascending_descending,100000,3,4143563599,0.004134900,0.002530800,0.006665700
RedBlack,ascending_descending,100000,3,4143563599,0.009867300,0.004263800,0.014131100
BPlus,ascending_descending,100000,3,4143563599,0.009239800,0.004997900,0.014237700
BST,ascending_descending,100000,3,4143563599,20.959571500,21.072824300,42.032395800
AVL,ascending_descending,100000,3,4143563599,0.008584600,0.006329700,0.014914300
BST,random_random,100000,1,3805369950,0.018186900,0.016087200,0.034274100
AVL,random_random,100000,1,3805369950,0.022653200,0.019725700,0.042378900
Splay,random_random,100000,1,3805369950,0.033829100,0.036258900,0.070088000
RedBlack,random_random,100000,1,3805369950,0.017486200,0.012367900,0.029854100
BPlus,random_random,100000,1,3805369950,0.019454500,0.018406600,0.037861100
AVL,random_random,100000,2,1827473607,0.021588100,0.019773800,0.041361900
Splay,random_random,100000,2,1827473607,0.033554900,0.034376400,0.067931300
RedBlack,random_random,100000,2,1827473607,0.018076000,0.012329100,0.030405100
BPlus,random_random,100000,2,1827473607,0.018237500,0.017911600,0.036149100
BST,random_random,100000,2,1827473607,0.016587300,0.014275300,0.030862600
Splay,random_random,100000,3,4143563596,0.030671600,0.035321900,0.065993500
RedBlack,random_random,100000,3,4143563596,0.015584300,0.013190800,0.028775100
BPlus,random_random,100000,3,4143563596,0.021536300,0.018859800,0.040396100
BST,random_random,100000,3,4143563596,0.018027300,0.014344200,0.032371500
AVL,random_random,100000,3,4143563596,0.023238000,0.018178500,0.041416500
