scenario,tree,n,metric,samples,median_seconds,min_seconds,max_seconds
ascending_ascending,AVL,1000,delete_seconds,3,3.76e-05,3.66e-05,4.61e-05
ascending_ascending,AVL,1000,insert_seconds,3,7.17e-05,6.97e-05,7.36e-05
ascending_ascending,AVL,1000,total_seconds,3,0.0001083,0.0001073,0.0001197
ascending_ascending,AVL,3000,delete_seconds,3,0.0001054,0.0001034,0.0001172
ascending_ascending,AVL,3000,insert_seconds,3,0.0002168,0.0002099,0.0002276
ascending_ascending,AVL,3000,total_seconds,3,0.0003202,0.0003153,0.0003448
ascending_ascending,AVL,10000,delete_seconds,3,0.0004019,0.0003909,0.000627
ascending_ascending,AVL,10000,insert_seconds,3,0.0008111,0.0007646,0.0008309
ascending_ascending,AVL,10000,total_seconds,3,0.0012328,0.0011555,0.0014381
ascending_ascending,AVL,30000,delete_seconds,3,0.0013937,0.0012292,0.0017063
ascending_ascending,AVL,30000,insert_seconds,3,0.0024779,0.0024626,0.0026147
ascending_ascending,AVL,30000,total_seconds,3,0.0038563,0.0037071,0.004321
ascending_ascending,AVL,100000,delete_seconds,3,0.0056713,0.0054916,0.0082669
ascending_ascending,AVL,100000,insert_seconds,3,0.0102389,0.0098912,0.0103283
ascending_ascending,AVL,100000,total_seconds,3,0.0159102,0.0158199,0.0181581
ascending_ascending,BPlus,1000,delete_seconds,3,5.57e-05,5.53e-05,5.57e-05
ascending_ascending,BPlus,1000,insert_seconds,3,7.18e-05,6.61e-05,7.97e-05
ascending_ascending,BPlus,1000,total_seconds,3,0.0001275,0.0001218,0.000135
ascending_ascending,BPlus,3000,delete_seconds,3,0.0001592,0.000148,0.0001604
ascending_ascending,BPlus,3000,insert_seconds,3,0.000244,0.0002319,0.0002809
ascending_ascending,BPlus,3000,total_seconds,3,0.0004032,0.0003799,0.0004413
ascending_ascending,BPlus,10000,delete_seconds,3,0.0005474,0.0005265,0.0005917
ascending_ascending,BPlus,10000,insert_seconds,3,0.0008665,0.0008486,0.0009171
ascending_ascending,BPlus,10000,total_seconds,3,0.0014403,0.0014139,0.0014436
ascending_ascending,BPlus,30000,delete_seconds,3,0.0022238,0.0016757,0.0026207
ascending_ascending,BPlus,30000,insert_seconds,3,0.0033348,0.0029999,0.0035808
ascending_ascending,BPlus,30000,total_seconds,3,0.0055586,0.0046756,0.0062015
ascending_ascending,BPlus,100000,delete_seconds,3,0.0080066,0.0074471,0.0081723
ascending_ascending,BPlus,100000,insert_seconds,3,0.010763,0.0103454,0.0111177
ascending_ascending,BPlus,100000,total_seconds,3,0.0189353,0.0177925,0.0191243
ascending_ascending,BST,1000,delete_seconds,3,2.27e-05,2.26e-05,2.5e-05
ascending_ascending,BST,1000,insert_seconds,3,0.0014773,0.0014258,0.001493
ascending_ascending,BST,1000,total_seconds,3,0.0015,0.0014484,0.001518
ascending_ascending,BST,3000,delete_seconds,3,6.98e-05,6.01e-05,7.26e-05
ascending_ascending,BST,3000,insert_seconds,3,0.0142065,0.0139634,0.0142887
ascending_ascending,BST,3000,total_seconds,3,0.0142791,0.0140332,0.0143488
ascending_ascending,BST,10000,delete_seconds,3,0.0002961,0.0002329,0.0004539
ascending_ascending,BST,10000,insert_seconds,3,0.165513,0.1609845,0.1677729
ascending_ascending,BST,10000,total_seconds,3,0.1659669,0.1612806,0.1680058
ascending_ascending,BST,30000,delete_seconds,3,0.0016067,0.0014632,0.0021505
ascending_ascending,BST,30000,insert_seconds,3,1.7100515,1.6475011,1.7407002
ascending_ascending,BST,30000,total_seconds,3,1.712202,1.6491078,1.7421634
ascending_ascending,BST,100000,delete_seconds,3,0.0050727,0.0048479,0.0053878
ascending_ascending,BST,100000,insert_seconds,3,22.4613174,22.2943824,22.4946607
ascending_ascending,BST,100000,total_seconds,3,22.4667052,22.2994551,22.4995086
ascending_ascending,RedBlack,1000,delete_seconds,3,3.38e-05,2.87e-05,3.4e-05
ascending_ascending,RedBlack,1000,insert_seconds,3,7.2e-05,6.98e-05,7.39e-05
ascending_ascending,RedBlack,1000,total_seconds,3,0.0001036,0.0001007,0.0001079
ascending_ascending,RedBlack,3000,delete_seconds,3,9.65e-05,9.42e-05,0.0001015
ascending_ascending,RedBlack,3000,insert_seconds,3,0.0002388,0.0002308,0.0002607
ascending_ascending,RedBlack,3000,total_seconds,3,0.0003353,0.000325,0.0003622
ascending_ascending,RedBlack,10000,delete_seconds,3,0.0004022,0.0003463,0.0004078
ascending_ascending,RedBlack,10000,insert_seconds,3,0.0008772,0.0008624,0.0009518
ascending_ascending,RedBlack,10000,total_seconds,3,0.0012794,0.0012702,0.0012981
ascending_ascending,RedBlack,30000,delete_seconds,3,0.0015879,0.0011136,0.001633
ascending_ascending,RedBlack,30000,insert_seconds,3,0.0030566,0.0030065,0.0035255
ascending_ascending,RedBlack,30000,total_seconds,3,0.0046395,0.0041702,0.0051134
ascending_ascending,RedBlack,100000,delete_seconds,3,0.0048607,0.0045527,0.0051649
ascending_ascending,RedBlack,100000,insert_seconds,3,0.0115028,0.0111,0.0120439
ascending_ascending,RedBlack,100000,total_seconds,3,0.0163635,0.0156527,0.0172088
ascending_ascending,Splay,1000,delete_seconds,3,4.09e-05,4.07e-05,4.75e-05
ascending_ascending,Splay,1000,insert_seconds,3,4.66e-05,4.45e-05,4.95e-05
ascending_ascending,Splay,1000,total_seconds,3,8.75e-05,8.52e-05,9.7e-05
ascending_ascending,Splay,3000,delete_seconds,3,0.0001215,0.0001128,0.0001797
ascending_ascending,Splay,3000,insert_seconds,3,0.0001267,0.0001245,0.0001293
ascending_ascending,Splay,3000,total_seconds,3,0.0002508,0.0002373,0.0003064
ascending_ascending,Splay,10000,delete_seconds,3,0.0005054,0.000413,0.0006123
ascending_ascending,Splay,10000,insert_seconds,3,0.0005178,0.0004523,0.0005624
ascending_ascending,Splay,10000,total_seconds,3,0.0010232,0.0008653,0.0011747
ascending_ascending,Splay,30000,delete_seconds,3,0.001397,0.0013938,0.001538
ascending_ascending,Splay,30000,insert_seconds,3,0.0014336,0.0013496,0.0014449
ascending_ascending,Splay,30000,total_seconds,3,0.0028419,0.0027434,0.0029716
ascending_ascending,Splay,100000,delete_seconds,3,0.0063027,0.0054154,0.0078823
ascending_ascending,Splay,100000,insert_seconds,3,0.0052696,0.0048431,0.0061933
ascending_ascending,Splay,100000,total_seconds,3,0.012496,0.0102585,0.0131519
ascending_descending,AVL,1000,delete_seconds,3,3.31e-05,3.15e-05,0.0001249
ascending_descending,AVL,1000,insert_seconds,3,6.49e-05,5.96e-05,9.1e-05
ascending_descending,AVL,1000,total_seconds,3,9.8e-05,9.11e-05,0.0002159
ascending_descending,AVL,3000,delete_seconds,3,0.0001062,0.0001032,0.0001724
ascending_descending,AVL,3000,insert_seconds,3,0.0002116,0.0002038,0.0002588
ascending_descending,AVL,3000,total_seconds,3,0.0003178,0.000307,0.0004312
ascending_descending,AVL,10000,delete_seconds,3,0.000393,0.0003805,0.0004061
ascending_descending,AVL,10000,insert_seconds,3,0.0007599,0.0007498,0.0007794
ascending_descending,AVL,10000,total_seconds,3,0.0011559,0.0011529,0.0011599
ascending_descending,AVL,30000,delete_seconds,3,0.0015387,0.0014258,0.0019555
ascending_descending,AVL,30000,insert_seconds,3,0.0035262,0.0026211,0.0036355
ascending_descending,AVL,30000,total_seconds,3,0.0050649,0.0040469,0.005591
ascending_descending,AVL,100000,delete_seconds,3,0.0055448,0.0053487,0.0056114
ascending_descending,AVL,100000,insert_seconds,3,0.0086246,0.0083265,0.0089013
ascending_descending,AVL,100000,total_seconds,3,0.0141694,0.0139379,0.01425
ascending_descending,BPlus,1000,delete_seconds,3,5.09e-05,4.94e-05,5.24e-05
ascending_descending,BPlus,1000,insert_seconds,3,6.87e-05,5.77e-05,8.06e-05
ascending_descending,BPlus,1000,total_seconds,3,0.0001196,0.0001071,0.000133
ascending_descending,BPlus,3000,delete_seconds,3,0.0001544,0.0001458,0.0002072
ascending_descending,BPlus,3000,insert_seconds,3,0.0002559,0.000233,0.0002585
ascending_descending,BPlus,3000,total_seconds,3,0.0004129,0.0003788,0.0004631
ascending_descending,BPlus,10000,delete_seconds,3,0.0005449,0.0004629,0.0005579
ascending_descending,BPlus,10000,insert_seconds,3,0.00085,0.0008473,0.0011545
ascending_descending,BPlus,10000,total_seconds,3,0.0013922,0.0013129,0.0017124
ascending_descending,BPlus,30000,delete_seconds,3,0.0021936,0.0017266,0.002528
ascending_descending,BPlus,30000,insert_seconds,3,0.0035069,0.0027314,0.0039276
ascending_descending,BPlus,30000,total_seconds,3,0.0057005,0.004458,0.0064556
ascending_descending,BPlus,100000,delete_seconds,3,0.0061806,0.0057648,0.0076093
ascending_descending,BPlus,100000,insert_seconds,3,0.0102994,0.0099929,0.0122047
ascending_descending,BPlus,100000,total_seconds,3,0.01648,0.0157577,0.019814
ascending_descending,BST,1000,delete_seconds,3,0.0014052,0.0013991,0.0015941
ascending_descending,BST,1000,insert_seconds,3,0.0014635,0.0014618,0.00154
ascending_descending,BST,1000,total_seconds,3,0.002867,0.0028626,0.0031341
ascending_descending,BST,3000,delete_seconds,3,0.013894,0.0137047,0.0143176
ascending_descending,BST,3000,insert_seconds,3,0.014127,0.0138233,0.0144901
ascending_descending,BST,3000,total_seconds,3,0.028021,0.027528,0.0288077
ascending_descending,BST,10000,delete_seconds,3,0.1506905,0.150606,0.150724
ascending_descending,BST,10000,insert_seconds,3,0.1515004,0.1501205,0.1548762
ascending_descending,BST,10000,total_seconds,3,0.3022244,0.3007265,0.3055667
ascending_descending,BST,30000,delete_seconds,3,1.8202643,1.6835189,1.8516757
ascending_descending,BST,30000,insert_seconds,3,1.7809165,1.729677,1.889298
ascending_descending,BST,30000,total_seconds,3,3.6325922,3.4131959,3.7095623
ascending_descending,BST,100000,delete_seconds,3,22.4776678,21.8721859,22.677115
ascending_descending,BST,100000,insert_seconds,3,22.8862872,21.9756153,23.3546502
ascending_descending,BST,100000,total_seconds,3,45.5634022,43.8478012,45.832318
ascending_descending,RedBlack,1000,delete_seconds,3,2.75e-05,2.52e-05,3.02e-05
ascending_descending,RedBlack,1000,insert_seconds,3,6.76e-05,6.32e-05,7.08e-05
ascending_descending,RedBlack,1000,total_seconds,3,9.28e-05,9.07e-05,0.000101
ascending_descending,RedBlack,3000,delete_seconds,3,9.01e-05,8.8e-05,9.29e-05
ascending_descending,RedBlack,3000,insert_seconds,3,0.000233,0.0002268,0.0002369
ascending_descending,RedBlack,3000,total_seconds,3,0.0003231,0.0003148,0.0003298
ascending_descending,RedBlack,10000,delete_seconds,3,0.0003419,0.000338,0.0003557
ascending_descending,RedBlack,10000,insert_seconds,3,0.0008567,0.0008453,0.0008681
ascending_descending,RedBlack,10000,total_seconds,3,0.00121,0.0011833,0.0012124
ascending_descending,RedBlack,30000,delete_seconds,3,0.001142,0.0011357,0.0011868
ascending_descending,RedBlack,30000,insert_seconds,3,0.0031315,0.0030082,0.0034893
ascending_descending,RedBlack,30000,total_seconds,3,0.0042672,0.0041502,0.0046761
ascending_descending,RedBlack,100000,delete_seconds,3,0.0043454,0.0039134,0.0056497
ascending_descending,RedBlack,100000,insert_seconds,3,0.0119413,0.0110242,0.0133642
ascending_descending,RedBlack,100000,total_seconds,3,0.0162867,0.0149376,0.0190139
ascending_descending,Splay,1000,delete_seconds,3,2.16e-05,1.94e-05,2.19e-05
ascending_descending,Splay,1000,insert_seconds,3,4.25e-05,4.21e-05,4.27e-05
ascending_descending,Splay,1000,total_seconds,3,6.4e-05,6.21e-05,6.41e-05
ascending_descending,Splay,3000,delete_seconds,3,6.34e-05,6.31e-05,6.48e-05
ascending_descending,Splay,3000,insert_seconds,3,0.0001211,0.0001158,0.000155
ascending_descending,Splay,3000,total_seconds,3,0.0001842,0.0001806,0.0002184
ascending_descending,Splay,10000,delete_seconds,3,0.0002193,0.0002077,0.0002309
ascending_descending,Splay,10000,insert_seconds,3,0.0004446,0.0004369,0.0004548
ascending_descending,Splay,10000,total_seconds,3,0.0006639,0.0006446,0.0006857
ascending_descending,Splay,30000,delete_seconds,3,0.0009391,0.000781,0.0009816
ascending_descending,Splay,30000,insert_seconds,3,0.0017965,0.0013397,0.0019504
ascending_descending,Splay,30000,total_seconds,3,0.0025775,0.0023213,0.0028895
ascending_descending,Splay,100000,delete_seconds,3,0.0027799,0.0019127,0.0028579
ascending_descending,Splay,100000,insert_seconds,3,0.0047005,0.0046389,0.0057214
ascending_descending,Splay,100000,total_seconds,3,0.0074804,0.0065516,0.0085793
random_random,AVL,1000,delete_seconds,3,7.16e-05,6.96e-05,7.5e-05
random_random,AVL,1000,insert_seconds,3,9.94e-05,9.35e-05,0.0001009
random_random,AVL,1000,total_seconds,3,0.0001705,0.0001685,0.000171
random_random,AVL,3000,delete_seconds,3,0.0002496,0.0002478,0.0002785
random_random,AVL,3000,insert_seconds,3,0.0003423,0.0003174,0.0003769
random_random,AVL,3000,total_seconds,3,0.0006208,0.0005652,0.0006265
random_random,AVL,10000,delete_seconds,3,0.0010373,0.0010326,0.0010374
random_random,AVL,10000,insert_seconds,3,0.0012618,0.0012588,0.0013131
random_random,AVL,10000,total_seconds,3,0.0022962,0.0022944,0.0023504
random_random,AVL,30000,delete_seconds,3,0.0041564,0.0040838,0.0043412
random_random,AVL,30000,insert_seconds,3,0.0049715,0.0048976,0.0050938
random_random,AVL,30000,total_seconds,3,0.0091776,0.0091279,0.0092388
random_random,AVL,100000,delete_seconds,3,0.0200361,0.0194079,0.0205086
random_random,AVL,100000,insert_seconds,3,0.0236749,0.0230706,0.0240146
random_random,AVL,100000,total_seconds,3,0.0434225,0.0431067,0.0441835
random_random,BPlus,1000,delete_seconds,3,9.19e-05,8.81e-05,9.69e-05
random_random,BPlus,1000,insert_seconds,3,9.86e-05,9.34e-05,0.0001008
random_random,BPlus,1000,total_seconds,3,0.0001903,0.0001867,0.0001927
random_random,BPlus,3000,delete_seconds,3,0.0003275,0.0003124,0.0003292
random_random,BPlus,3000,insert_seconds,3,0.0003649,0.0003442,0.0003702
random_random,BPlus,3000,total_seconds,3,0.0006773,0.0006717,0.0006994
random_random,BPlus,10000,delete_seconds,3,0.0012715,0.0012153,0.0012765
random_random,BPlus,10000,insert_seconds,3,0.0013412,0.0013402,0.0013932
random_random,BPlus,10000,total_seconds,3,0.0026177,0.0025555,0.0026647
random_random,BPlus,30000,delete_seconds,3,0.0045871,0.0043704,0.004621
random_random,BPlus,30000,insert_seconds,3,0.0049684,0.0049014,0.005232
random_random,BPlus,30000,total_seconds,3,0.0095555,0.0095224,0.0096024
random_random,BPlus,100000,delete_seconds,3,0.0199712,0.0195119,0.0202459
random_random,BPlus,100000,insert_seconds,3,0.0208726,0.0203037,0.0210622
random_random,BPlus,100000,total_seconds,3,0.0405741,0.0405496,0.0408438
random_random,BST,1000,delete_seconds,3,5.68e-05,5.58e-05,5.89e-05
random_random,BST,1000,insert_seconds,3,7.32e-05,7.25e-05,7.92e-05
random_random,BST,1000,total_seconds,3,0.0001321,0.0001283,0.000136
random_random,BST,3000,delete_seconds,3,0.0002044,0.0001973,0.0002162
random_random,BST,3000,insert_seconds,3,0.0002832,0.0002438,0.000429
random_random,BST,3000,total_seconds,3,0.0004994,0.0004482,0.0006263
random_random,BST,10000,delete_seconds,3,0.0008167,0.0007786,0.0009189
random_random,BST,10000,insert_seconds,3,0.0010226,0.0010161,0.0010324
random_random,BST,10000,total_seconds,3,0.0018328,0.0018012,0.0019513
random_random,BST,30000,delete_seconds,3,0.0032557,0.0031162,0.0044483
random_random,BST,30000,insert_seconds,3,0.0044054,0.0041908,0.0050588
random_random,BST,30000,total_seconds,3,0.0075216,0.0074465,0.0095071
random_random,BST,100000,delete_seconds,3,0.0163474,0.0155964,0.0163491
random_random,BST,100000,insert_seconds,3,0.0197705,0.0196391,0.0217373
random_random,BST,100000,total_seconds,3,0.0361179,0.0359882,0.0373337
random_random,RedBlack,1000,delete_seconds,3,5.2e-05,5.12e-05,5.41e-05
random_random,RedBlack,1000,insert_seconds,3,8.46e-05,7.97e-05,8.75e-05
random_random,RedBlack,1000,total_seconds,3,0.0001366,0.0001338,0.0001387
random_random,RedBlack,3000,delete_seconds,3,0.0001762,0.0001697,0.000208
random_random,RedBlack,3000,insert_seconds,3,0.0002633,0.0002568,0.0002899
random_random,RedBlack,3000,total_seconds,3,0.0004395,0.0004265,0.0004979
random_random,RedBlack,10000,delete_seconds,3,0.0006952,0.0006769,0.0006983
random_random,RedBlack,10000,insert_seconds,3,0.0010045,0.0010038,0.0010509
random_random,RedBlack,10000,total_seconds,3,0.001699,0.0016814,0.0017492
random_random,RedBlack,30000,delete_seconds,3,0.0028223,0.0027581,0.0032223
random_random,RedBlack,30000,insert_seconds,3,0.0042693,0.0038141,0.0043721
random_random,RedBlack,30000,total_seconds,3,0.0070364,0.0070274,0.0071944
random_random,RedBlack,100000,delete_seconds,3,0.0137153,0.012995,0.0142088
random_random,RedBlack,100000,insert_seconds,3,0.0207052,0.0187281,0.0208325
random_random,RedBlack,100000,total_seconds,3,0.0338275,0.0329369,0.0344205
random_random,Splay,1000,delete_seconds,3,0.0001439,0.0001395,0.0001479
random_random,Splay,1000,insert_seconds,3,0.0001522,0.00015,0.0001563
random_random,Splay,1000,total_seconds,3,0.0003001,0.0002895,0.0003002
random_random,Splay,3000,delete_seconds,3,0.0005568,0.0005367,0.0005601
random_random,Splay,3000,insert_seconds,3,0.0005427,0.0005379,0.0005434
random_random,Splay,3000,total_seconds,3,0.001098,0.0010801,0.0010995
random_random,Splay,10000,delete_seconds,3,0.0021242,0.0021224,0.0021397
random_random,Splay,10000,insert_seconds,3,0.0020629,0.002061,0.0020881
random_random,Splay,10000,total_seconds,3,0.0042026,0.0041834,0.0042123
random_random,Splay,30000,delete_seconds,3,0.0082199,0.0081793,0.008514
random_random,Splay,30000,insert_seconds,3,0.0081501,0.0080842,0.0084558
random_random,Splay,30000,total_seconds,3,0.0165982,0.0163294,0.0166757
random_random,Splay,100000,delete_seconds,3,0.040916,0.0402532,0.0540987
random_random,Splay,100000,insert_seconds,3,0.0361237,0.0354549,0.0382822
random_random,Splay,100000,total_seconds,3,0.0770397,0.0757081,0.0923809
